epoch,valid_lattice_xe_loss,valid_lattice_beam_acc,valid_lattice_perfect,valid_lattice_correct,valid_lattice_bitwise_acc,valid_lattice_percs_diff,valid_lattice_beam_acc_1,secret_eval_count,secret_perfect_count,secret_best_match,secret_best_total,secret_best_ratio
0,5.563326813957908,0.5050505050505051,0.20202020202020202,100.0,"[26.7, 3.3]","[20.0, 37.0, 56.99999999999999, 67.0, 80.0, 97.0, 100.0, 100.0, 100.0, 100.0, 100.0]",0.5050505050505051,15,0,27,30,0.9
1,5.549720308997414,0.30303030303030304,0.20202020202020202,100.0,"[46.7, 3.3]","[20.0, 47.0, 73.0, 80.0, 83.0, 97.0, 100.0, 100.0, 100.0, 100.0, 100.0]",0.30303030303030304,15,0,27,30,0.9
2,5.539892315864563,0.40404040404040403,0.10101010101010101,100.0,"[16.7, 0.0]","[20.0, 37.0, 56.99999999999999, 70.0, 80.0, 93.0, 100.0, 100.0, 100.0, 100.0, 100.0]",0.40404040404040403,15,0,27,30,0.9
3,5.53525925766338,0.40404040404040403,0.10101010101010101,100.0,"[33.3, 0.0]","[33.0, 50.0, 77.0, 83.0, 87.0, 93.0, 100.0, 100.0, 100.0, 100.0, 100.0]",0.40404040404040403,15,0,27,30,0.9
4,5.537615819410845,0.6060606060606061,0.30303030303030304,100.0,"[40.0, 0.0]","[30.0, 53.0, 70.0, 80.0, 83.0, 93.0, 100.0, 100.0, 100.0, 100.0, 100.0]",0.6060606060606061,15,0,27,30,0.9
5,5.530048814686862,0.5050505050505051,0.30303030303030304,100.0,"[36.7, 0.0]","[17.0, 47.0, 77.0, 87.0, 93.0, 100.0, 100.0, 100.0, 100.0, 100.0, 100.0]",0.5050505050505051,15,0,27,30,0.9
6,4.493909131396901,1.2121212121212122,1.2121212121212122,100.0,"[46.7, 0.0]","[53.0, 87.0, 90.0, 90.0, 90.0, 90.0, 90.0, 90.0, 90.0, 100.0, 100.0]",1.2121212121212122,15,2,30,30,1.0
