epoch,valid_lattice_xe_loss,valid_lattice_beam_acc,valid_lattice_perfect,valid_lattice_correct,valid_lattice_bitwise_acc,valid_lattice_percs_diff,valid_lattice_beam_acc_1,secret_eval_count,secret_perfect_count,secret_best_match,secret_best_total,secret_best_ratio
0,5.570474038124084,0.3,0.2,100.0,"[35.0, 0.0]","[35.0, 40.0, 60.0, 65.0, 75.0, 85.0, 95.0, 95.0, 95.0, 100.0, 100.0]",0.3,15,0,17,20,0.85
1,5.549546005725861,0.9,0.4,100.0,"[30.0, 0.0]","[20.0, 45.0, 50.0, 50.0, 60.0, 75.0, 90.0, 100.0, 100.0, 100.0, 100.0]",0.9,15,0,17,20,0.85
2,5.544274120330811,0.7,0.4,100.0,"[30.0, 0.0]","[10.0, 50.0, 70.0, 75.0, 85.0, 95.0, 100.0, 100.0, 100.0, 100.0, 100.0]",0.7,15,0,17,20,0.85
3,5.533847508430481,1.0,0.4,100.0,"[25.0, 0.0]","[15.0, 25.0, 35.0, 50.0, 50.0, 55.00000000000001, 65.0, 80.0, 95.0, 100.0, 100.0]",1.0,15,0,17,20,0.85
4,4.450895118713379,1.6,1.3,100.0,"[50.0, 5.0]","[60.0, 90.0, 90.0, 90.0, 90.0, 90.0, 90.0, 90.0, 90.0, 100.0, 100.0]",1.6,15,8,20,20,1.0
